Brand,Bike_Name,CC,Mileage,Power,Weight,Price,Rating
bajaj,Bajaj Pulsar N160 2V,164.82,47.0,15.68,148.0,122990.0,4.6
bajaj,Bajaj Pulsar NS400Z,349.13,32.0,40.04,176.0,186150.0,4.5
bajaj,Bajaj Pulsar NS200,199.5,36.0,24.13,158.0,139279.0,4.7
bajaj,Bajaj Pulsar N160 4V,164.5,47.5,18.24,151.0,134479.0,4.5
bajaj,Bajaj Pulsar 125,124.4,50.0,11.8,168.79208633093526,93507.0,3.4
bajaj,Bajaj Chetak,120.015,70.0,3.1,168.79208633093526,119056.0,3.7
bajaj,Bajaj Pulsar NS125,124.45,50.0,11.8,144.0,94043.0,4.5
bajaj,Bajaj Dominar 400,349.13,30.0,40.04,190.0,208330.0,4.5
bajaj,Bajaj Pulsar 150,149.5,47.0,14.0,168.79208633093526,115300.0,3.5
bajaj,Bajaj Pulsar N250,249.0,40.0,24.1,164.0,145487.0,4.5
bajaj,Bajaj Pulsar NS160,160.3,44.0,17.03,152.0,126819.0,4.6
bajaj,Bajaj Pulsar RS 200,199.5,35.0,24.1,167.0,180863.0,4.7
bajaj,Bajaj Pulsar 220F,220.0,43.0,20.11,160.0,139686.0,4.3
bajaj,Bajaj Dominar 250,248.8,32.0,26.63,180.0,186825.0,4.5
bajaj,Bajaj Pulsar N125,124.58,56.0,11.83,125.0,93694.0,4.4
bajaj,Bajaj Freedom,125.0,56.56,9.3,149.0,104237.0,4.6
bajaj,Bajaj Platina 100,99.59,75.0,7.79,117.0,71038.0,4.5
bajaj,Bajaj Platina 110,115.45,70.0,8.48,119.0,75798.0,4.4
bajaj,Bajaj CT 110,115.45,70.0,8.48,127.0,74847.0,4.4
bajaj,Bajaj Pulsar 180,178.61,44.0,16.76,156.0,122925.0,4.4
bajaj,Bajaj Avenger Cruise 220,220.0,39.0,18.76,163.0,134155.0,4.4
bajaj,Bajaj Chetak C25,120.015,55.0,44.200507246376816,108.0,104599.0,4.5
bajaj,Bajaj Avenger Street 220,220.0,39.982142857142854,18.76,160.0,134101.0,4.1
royalenfield,Royal Enfield Hunter 350,349.34,35.0,20.2,181.0,137640.0,4.7
royalenfield,Royal Enfield Classic 350,349.0,34.0,20.2,195.0,187434.0,4.6
royalenfield,Royal Enfield Bullet 350,349.0,35.0,20.2,195.0,165656.0,4.7
royalenfield,Royal Enfield Himalayan 440,443.0,32.0,25.4,199.0,229000.0,4.6
royalenfield,Royal Enfield Continental GT 650,648.0,23.0,47.0,211.0,358427.0,4.7
royalenfield,Royal Enfield Meteor 350,349.34,32.0,20.2,191.0,199447.0,4.6
royalenfield,Royal Enfield Guerrilla 450,452.0,28.0,39.47,185.0,251063.0,4.7
royalenfield,Royal Enfield Himalayan 450,451.65,30.0,39.47,196.0,308029.0,4.7
royalenfield,Royal Enfield Super Meteor 650,648.0,25.0,46.3,241.0,405988.0,4.8
royalenfield,Royal Enfield Shotgun 650,648.0,23.0,46.39,240.0,401002.0,4.8
royalenfield,Royal Enfield Interceptor 650,648.0,24.0,47.0,218.0,337909.0,4.6
royalenfield,Royal Enfield Scram 440,443.0,30.0,25.4,196.0,224373.0,4.4
royalenfield,Royal Enfield Goan Classic 350,349.0,34.0,20.2,197.0,225311.0,4.8
royalenfield,Royal Enfield Classic 650,647.95,26.5,46.39,243.0,367592.0,4.7
royalenfield,Royal Enfield Bullet 650,647.95,22.045454545454547,46.39,243.0,364856.0,4.3
royalenfield,Royal Enfield Bear 650,648.0,24.0,46.8,216.0,378208.0,4.4
tvs,TVS Ronin,225.9,41.0,20.1,159.0,130314.0,4.6
tvs,TVS Raider 125,124.8,56.0,11.2,123.0,86397.0,4.4
tvs,TVS Apache RTR 160,159.7,45.0,15.82,137.0,110781.0,4.5
tvs,TVS Jupiter 125,124.8,48.0,8.04,108.0,87469.0,4.1
tvs,TVS Jupiter,113.3,49.0,7.91,105.0,77352.0,4.5
tvs,TVS Ntorq 125,124.8,43.0,9.25,111.0,90558.0,4.4
tvs,TVS Apache RTR 160 4V,159.7,45.0,17.31,144.0,116484.0,4.5
tvs,TVS Apache RTX,299.0,32.5,35.5,180.0,199496.0,4.7
tvs,TVS Apache RR 310,312.2,32.0,37.54,174.0,262265.0,4.7
tvs,TVS Apache RTR 310,312.12,32.0,35.08,169.0,225283.0,4.8
tvs,TVS Ntorq 150,149.7,40.0,13.0,115.0,112349.0,4.6
tvs,TVS Apache RTR 200 4V,197.75,38.0,20.54,152.0,138375.0,4.5
tvs,TVS Sport,109.7,70.0,8.08,112.0,65714.0,4.4
tvs,TVS XL 100 Heavy Duty,99.7,57.0,4.3,88.0,47918.0,4.5
tvs,TVS Radeon,109.7,63.0,8.08,113.0,73715.0,4.4
tvs,TVS Apache RTR 180,177.4,42.0,16.78,140.0,127730.0,4.6
tvs,TVS Star City Plus,109.7,70.0,8.08,115.0,72026.0,4.4
tvs,TVS Zest 110,109.7,45.0,7.71,103.0,70560.0,4.2
tvs,TVS XL 100 Comfort,99.7,55.0,4.29,89.0,60360.0,4.2
honda,Honda SP 125,123.94,63.0,10.72,116.0,90636.0,4.6
honda,Honda Shine,123.94,55.0,10.63,113.0,83683.0,4.4
honda,Honda Activa,109.51,47.0,7.88,106.0,78687.0,4.4
honda,Honda CB350RS,348.36,35.0,20.78,180.0,198333.0,4.6
honda,Honda Rebel 300,286.0,26.0,30.0,172.0,222000.0,4.8
honda,Honda Unicorn,162.71,50.0,13.0,139.0,115241.0,4.4
honda,Honda Activa 125,123.92,47.0,8.3,107.0,92806.0,4.5
honda,Honda SP160,162.71,50.0,13.27,138.0,117859.0,4.5
honda,Honda CB 125 Hornet,123.94,55.0,10.99,124.0,115312.0,4.7
honda,Honda CB350,348.36,35.0,20.7,186.0,197034.0,4.7
honda,Honda Hness CB350,348.36,35.0,20.78,181.0,193536.0,4.6
honda,Honda Dio,109.51,48.0,7.75,106.0,74820.0,4.6
honda,Honda Dio 125,123.92,47.0,8.19,105.0,94256.0,4.6
honda,Honda Livo,109.51,60.0,8.67,112.0,81031.0,4.4
honda,Honda ADV 160,156.9,39.982142857142854,16.9,168.79208633093526,170000.0,4.2
honda,Honda Hornet 2.0,184.4,45.0,17.03,142.0,149616.0,4.2
honda,Honda Activa e,184.4,80.0,6.0,118.0,120133.0,4.5
honda,Honda Shine 100,98.98,65.0,7.28,99.0,65996.0,4.6
honda,Honda NX200,184.4,42.0,16.76,148.0,160605.0,4.6
honda,Honda CB350C,348.36,38.0,20.7,186.0,198556.0,4.8
honda,Honda CBR1000RR-R Fireblade,1000.0,22.045454545454547,214.56,201.0,3350000.0,3.5
honda,Honda QC1,184.4,50.0,44.200507246376816,89.5,90708.0,4.3
honda,Honda NX500,471.0,26.5,46.9,196.0,743900.0,3.2
honda,Honda Goldwing,1833.0,16.0,124.7,390.0,4430000.0,3.3
honda,Honda CB750 Hornet,755.0,22.045454545454547,90.5,191.0,1049000.0,3.3
honda,Honda CB1000 Hornet,999.0,22.045454545454547,155.0,211.0,1329390.0,4.8
honda,Honda Transalp XL750,755.0,22.045454545454547,90.5,208.0,1320000.0,4.3712230215827335
jawa,Jawa Perak,334.0,30.0,30.2,185.0,221820.0,4.7
jawa,Jawa 350,334.0,29.5,22.26,194.0,182531.0,3.8
triumph,Triumph Speed 400,349.0,28.0,36.49,179.0,234302.0,4.1
triumph,Triumph Scrambler 400 X,349.0,28.0,36.49,185.0,264467.0,4.0
triumph,Triumph Speed T4,349.0,30.0,28.6,180.0,207965.0,4.3
triumph,Triumph Tracker 400,349.0,30.0,39.45,183.0,242064.0,4.4
triumph,Triumph Street Triple RS,765.0,19.5,128.2,188.0,1322800.0,4.8
triumph,Triumph Thruxton 400,349.0,30.822580645161292,39.45,190.0,274811.0,4.2
triumph,Triumph Rocket 3,2458.0,15.0,165.0,304.0,2401955.0,4.7
triumph,Triumph Daytona 660,660.0,18.5,93.87,201.0,988400.0,4.4
triumph,Triumph Scrambler 400 XC,349.0,26.0,36.49,185.0,298809.0,3.5
triumph,Triumph Trident 660,660.0,22.045454545454547,80.0,189.0,899000.0,4.4
triumph,Triumph Street Triple R,765.0,19.0,118.4,168.0,1116300.0,4.8
triumph,Triumph Bonneville Bobber,1200.0,21.0,76.9,251.0,1351600.0,3.8
triumph,Triumph Tiger 900,888.0,22.045454545454547,106.5,219.0,1440000.0,5.0
triumph,Triumph Bonneville T120,1200.0,22.045454545454547,78.9,236.0,1217000.0,2.5
triumph,Triumph Speed Twin 900,900.0,22.045454545454547,64.0,216.0,971300.0,4.7
triumph,Triumph Speed Triple 1200 RS,1160.0,22.045454545454547,180.5,199.0,2175900.0,5.0
triumph,Triumph Speed Twin 1200,1200.0,22.045454545454547,103.5,216.0,1383800.0,4.6
triumph,Triumph Scrambler 900,900.0,22.045454545454547,64.1,223.0,1074700.0,4.7
triumph,Triumph Tiger 1200,1160.0,22.045454545454547,148.0,245.0,1939000.0,4.7
triumph,Triumph Street Triple RX,765.0,19.0,128.2,168.0,1390600.0,3.0
triumph,Triumph Tiger Sport 660,660.0,22.045454545454547,80.0,206.0,945000.0,4.6
triumph,Triumph Speed Twin 1200 Cafe Racer Edition,1200.0,22.045454545454547,103.5,216.0,1799000.0,5.0
triumph,Triumph Bonneville T100,900.0,22.045454545454547,64.1,228.0,1085400.0,4.0
triumph,Triumph Scrambler 1200,1200.0,22.045454545454547,89.0,228.0,1264100.0,2.5
triumph,Triumph Bonneville Speedmaster,1200.0,22.045454545454547,76.9,263.0,1351600.0,2.5
triumph,Triumph Speed Twin 1200 TFC,1200.0,22.045454545454547,103.5,216.0,2099000.0,4.3712230215827335
triumph,Triumph Bonneville T120 Black,1200.0,22.045454545454547,78.9,236.0,1217000.0,4.3712230215827335
triumph,Triumph Tiger 900 Desert Edition,888.0,22.045454545454547,106.5,219.0,1605000.0,4.3712230215827335
triumph,Triumph Tiger 900 Alpine Edition,888.0,22.045454545454547,106.5,219.0,1535000.0,4.3712230215827335
ktm,KTM 250 Duke,249.07,31.0,30.57,162.8,226277.0,4.8
ktm,KTM 390 Duke,349.32,28.0,40.9,168.3,283913.0,4.6
ktm,KTM 200 Duke,199.5,35.0,24.67,159.0,191570.0,4.7
ktm,KTM 390 Adventure,349.32,28.0,40.93,181.0,287986.0,4.4
ktm,KTM 160 Duke,164.2,36.5,18.73,147.0,183585.0,4.8
ktm,KTM 250 Adventure,248.76,31.0,30.5,177.0,252681.0,4.3
ktm,KTM 390 Duke R,398.63,29.0,45.3,168.3,345036.0,4.8
ktm,KTM 1390 Super Duke R,1350.0,26.0,187.7,210.0,2295800.0,4.7
ktm,KTM RC 200,199.5,35.0,24.6,160.0,231913.0,4.5
ktm,KTM RC 390,373.27,29.0,42.9,172.0,332938.0,4.7
ktm,KTM RC 160,164.2,39.982142857142854,18.73,155.0,199975.0,4.3
ktm,KTM 390 Adventure X,398.63,28.0,45.3,181.0,349728.0,4.7
ktm,KTM 390 Adventure S,398.63,26.5,45.3,182.0,405011.0,4.9
ktm,KTM 390 Enduro R,398.63,30.822580645161292,45.37,177.0,339269.0,4.6
ktm,KTM 390 Adventure R,398.7,30.822580645161292,44.2,183.0,386235.0,5.0
ktm,KTM 890 Duke R,889.0,22.045454545454547,119.0,180.0,1450000.0,4.4
ktm,KTM 1290 Super Adventure S,1301.0,19.5,158.0,250.0,2273900.0,5.0
ktm,KTM 890 Adventure R,889.0,22.045454545454547,103.0,215.0,1580000.0,5.0
ktm,KTM 85 SX,84.9,56.56,15.5,75.0,669000.0,3.0
ktm,KTM 450 SX-F,449.9,30.822580645161292,62.1,107.0,1025100.0,3.7
ktm,KTM 50 SX,49.9,56.56,5.3,45.0,475000.0,4.5
ktm,KTM 250 SX-F,249.9,39.982142857142854,46.1,104.0,958000.0,4.3712230215827335
ktm,KTM 350 EXC-F,349.7,30.822580645161292,44.3,103.2,1295800.0,4.3712230215827335
ktm,KTM 65 SX,64.9,56.56,11.2,62.0,546500.0,4.3712230215827335
